<?xml version="1.0" encoding="UTF-8"?>
<beans xmlns="http://www.springframework.org/schema/beans"
	xmlns:xsi="http://www.w3.org/2001/XMLSchema-instance" 
	xmlns:p="http://www.springframework.org/schema/p"
	xmlns:context="http://www.springframework.org/schema/context"
	xmlns:mvc="http://www.springframework.org/schema/mvc" 
	xmlns:tx="http://www.springframework.org/schema/tx"
	xmlns:aop="http://www.springframework.org/schema/aop"
	xmlns:task="http://www.springframework.org/schema/task"
	xsi:schemaLocation="http://www.springframework.org/schema/beans 
    http://www.springframework.org/schema/beans/spring-beans-4.0.xsd
    http://www.springframework.org/schema/context 
    http://www.springframework.org/schema/context/spring-context-4.0.xsd
    http://www.springframework.org/schema/mvc
    http://www.springframework.org/schema/mvc/spring-mvc-4.0.xsd
    http://www.springframework.org/schema/tx
    http://www.springframework.org/schema/tx/spring-tx-4.0.xsd
    http://www.springframework.org/schema/aop
    http://www.springframework.org/schema/aop/spring-aop-4.0.xsd
    http://www.springframework.org/schema/task
    http://www.springframework.org/schema/task/spring-task-4.0.xsd ">

	<context:component-scan base-package="com" />
	
	<!-- 启动Spring MVC的注解功能，完成请求和注解POJO的映射 -->
	<bean
		class="org.springframework.web.servlet.mvc.annotation.AnnotationMethodHandlerAdapter" />

	<!-- velocity模板配置 -->
    <bean id="velocityConfig" class="org.springframework.web.servlet.view.velocity.VelocityConfigurer">
        <property name="resourceLoaderPath" value="/WEB-INF/views/"/>
        <property name="configLocation" value="classpath:velocity.properties"/>
    </bean>
    
    <bean id="viewResolver" class="org.springframework.web.servlet.view.velocity.VelocityLayoutViewResolver">
    	<!--是否缓存模板-->
        <property name="cache" value="false"/>
        <property name="order" value="10"/>
        <property name="suffix" value=".vm"/>
        <property name="prefix" value="screen"/>
        <property name="layoutUrl" value="layout/default.vm"/>
        <property name="dateToolAttribute" value="dateTool"/>
        <property name="numberToolAttribute" value="numberTool"/>
        <property name="contentType" value="text/html;charset=UTF-8"/>
        <property name="exposeSpringMacroHelpers" value="true" /><!--是否使用spring对宏定义的支持-->         
        <property name="exposeRequestAttributes" value="true" /><!--是否开放request属性-->
        <property name="requestContextAttribute" value="rc"/><!--request属性引用名称-->
    </bean>	

	<mvc:annotation-driven>
		<mvc:message-converters>
			<bean
				class="org.springframework.http.converter.json.MappingJacksonHttpMessageConverter">
				<property name="objectMapper">
					<bean class="org.codehaus.jackson.map.ObjectMapper">
						<property name="dateFormat">
							<bean class="java.text.SimpleDateFormat">
								<constructor-arg type="java.lang.String" value="yyyy-MM-dd HH:mm:ss" />
							</bean>
						</property>
					</bean>
				</property>
			</bean>
		</mvc:message-converters>
	</mvc:annotation-driven>


	<!-- 文件上传配置 -->
	<bean id="multipartResolver"
		class="org.springframework.web.multipart.commons.CommonsMultipartResolver">
		<property name="defaultEncoding" value="utf-8" /> <!-- 默认编码 (ISO-8859-1) -->
		<!--<property name="maxInMemorySize" value="10240" />  最大内存大小 (10240) -->
		<!--<property name="uploadTempDir" value="/upload_temp/" /> 上传后的目录名 (WebUtils#TEMP_DIR_CONTEXT_ATTRIBUTE) -->
		<property name="maxUploadSize" value="-1" /> <!-- 最大文件大小5M，-1为无限止(-1) -->
	</bean>
	
	<bean class="com.pay.system.util.SpringBeanUtil"></bean>
	
	<!-- 初始化远程服务代理器 -->
	<!-- <bean class="com.service.proxy.RmiProxy" init-method="init"/>  -->

	<!-- RMI启动某一个服务 -->
	<!-- 
	<bean class="com.yuyuan.rmi.UserRmiServiceImpl" init-method="start">
		<constructor-arg type="java.lang.String" value="rmi://127.0.0.1:5678/UserService" />
	</bean> 
	-->
</beans>
